Match String,Account,Count
#1454,04a7690b02bdb2e539fbd4f85d8f453e,1
#46,737e87dd38876855a3de81421a03b784,1
&,04a7690b02bdb2e539fbd4f85d8f453e,1
&,04b323e67da5747dc8a4c6f1d7c34c51,7
&,4e935322252d56aba9d2ceaeed485c12,1
&,93e593ba7d44f59e8fa9fb079b1ed3e2,5
&,ab80d703caec17eca52c760dc5935809,1
&,dbc4af845c978c7f15db6ede2fd327b6,2
&,df1e07f21d38182fee90d4e4d737885b,3
&,ea8decf466de9f6f01618527c84da650,1
*,04b323e67da5747dc8a4c6f1d7c34c51,1
*,d9eeb45c18bffff30eb115d2d333501a,1
*APPLE,28c8d0faa224c298f1dc57f9fa4e5b5b,1
*B,28c8d0faa224c298f1dc57f9fa4e5b5b,1
*CONDE,cff5657a38c95c1e0ec22be257310a58,1
*DELL,28c8d0faa224c298f1dc57f9fa4e5b5b,2
*EBAY,04b323e67da5747dc8a4c6f1d7c34c51,3
*EBAY,28c8d0faa224c298f1dc57f9fa4e5b5b,2
*EBAY,2c130384e5932901d35fbd8a2921c964,1
*GOKULENDRA.B4029357733,28c8d0faa224c298f1dc57f9fa4e5b5b,2
*GOOGLE,2711496eeb942853d98657d6e8160505,1
*GOOGLE,49ac2e2fa75835ca7be95ed7b2368594,3
*HOME,5a3a00ae715f8d6170a481b2ee6344b0,1
*HOME,90cae3a62c56e4f550e67111739f194b,1
*ISKCONNCINC,28c8d0faa224c298f1dc57f9fa4e5b5b,1
*ISKCONNCINC,5b51717ab7347cfc869f67b36e5bbc22,1
*ISKCONNCINC,ea8decf466de9f6f01618527c84da650,1
*SILMICRO,04b323e67da5747dc8a4c6f1d7c34c51,1
*STATEBANKIN,28c8d0faa224c298f1dc57f9fa4e5b5b,1
*STATEBANKIN,4d9964d3d786173b37a50447e5be910c,1
*TLS-MORRISVILLE,ea8decf466de9f6f01618527c84da650,1
*TURBOTAX,4e935322252d56aba9d2ceaeed485c12,2
*VOIP.,4af2df95ff46cd6b5085678bbd32ffc6,1
+14089423085,04b323e67da5747dc8a4c6f1d7c34c51,2
+14158799686,1a1e807bb6b6ff4bf41a257ea9ca1900,1
-,04a7690b02bdb2e539fbd4f85d8f453e,1
-,1134918a30a364f9c66478be8e639e6f,1
-,2c130384e5932901d35fbd8a2921c964,1
-,4150be562a3bb932de37982edd934161,8
-,92091bb11c924e2983da7280af016123,40
-,ccf4cfde29e7cdf7c7d53c106f66f4e9,1
000-0000000,737e87dd38876855a3de81421a03b784,1
0000,93733f0928be8bab19cd0c90ed71c142,1
0000BENTONVILLE,04a7690b02bdb2e539fbd4f85d8f453e,1
0000BENTONVILLE,d7a60cae9fe46db5d0c435cf620d0de5,1
0000BENTONVILLE,ea8decf466de9f6f01618527c84da650,1
0647,39361affc465a43658680e8a390bb292,2
0947HILLSBOROUGH,737e87dd38876855a3de81421a03b784,2
09920,7618255a0425418dadc8d4f9cd85d069,1
099208009666546,04a7690b02bdb2e539fbd4f85d8f453e,2
099208009666546,d7a60cae9fe46db5d0c435cf620d0de5,1
0DURHAM,1134918a30a364f9c66478be8e639e6f,1
0DURHAM,ccf4cfde29e7cdf7c7d53c106f66f4e9,1
1,ea8decf466de9f6f01618527c84da650,1
119,737e87dd38876855a3de81421a03b784,1
1191,04a7690b02bdb2e539fbd4f85d8f453e,1
123,ea8decf466de9f6f01618527c84da650,1
124,9b40d0be3add476d228f2657a2c45f11,1
126DURHAM,737e87dd38876855a3de81421a03b784,1
1E8DSH0OGWK,4e935322252d56aba9d2ceaeed485c12,1
2227535771,28c8d0faa224c298f1dc57f9fa4e5b5b,1
2227535771,4d9964d3d786173b37a50447e5be910c,1
243-9966,737e87dd38876855a3de81421a03b784,1
2GXIVD94HRN,04b323e67da5747dc8a4c6f1d7c34c51,1
2VXV6Y2UUX4,93e593ba7d44f59e8fa9fb079b1ed3e2,1
3059219998,04b323e67da5747dc8a4c6f1d7c34c51,1
3264,1134918a30a364f9c66478be8e639e6f,2
3264,ccf4cfde29e7cdf7c7d53c106f66f4e9,1
3661,ea8decf466de9f6f01618527c84da650,1
381,737e87dd38876855a3de81421a03b784,1
3V29YPEJK7S,93e593ba7d44f59e8fa9fb079b1ed3e2,1
4029357733,04b323e67da5747dc8a4c6f1d7c34c51,1
4029357733,28c8d0faa224c298f1dc57f9fa4e5b5b,1
4029357733,5b51717ab7347cfc869f67b36e5bbc22,1
4029357733,ea8decf466de9f6f01618527c84da650,1
4083763239,28c8d0faa224c298f1dc57f9fa4e5b5b,2
4083763239,2c130384e5932901d35fbd8a2921c964,1
435,1134918a30a364f9c66478be8e639e6f,1
435,ccf4cfde29e7cdf7c7d53c106f66f4e9,1
4DURHAM,2c130384e5932901d35fbd8a2921c964,1
53236400056,737e87dd38876855a3de81421a03b784,1
5323640005HILLSBOROUGH,737e87dd38876855a3de81421a03b784,1
532HILLSBOROUGH,737e87dd38876855a3de81421a03b784,1
647,04b323e67da5747dc8a4c6f1d7c34c51,1
647,1134918a30a364f9c66478be8e639e6f,1
6967595633,737e87dd38876855a3de81421a03b784,1
6GGYZLH8W2B,93e593ba7d44f59e8fa9fb079b1ed3e2,1
6OGVXNZXDCC,04b323e67da5747dc8a4c6f1d7c34c51,1
7045467625,737e87dd38876855a3de81421a03b784,1
73011009217(919)471-1111,ea8decf466de9f6f01618527c84da650,1
76,737e87dd38876855a3de81421a03b784,3
800-268-9153,ccf4cfde29e7cdf7c7d53c106f66f4e9,1
800-430-3376,5a3a00ae715f8d6170a481b2ee6344b0,3
800-446-8848,4e935322252d56aba9d2ceaeed485c12,2
800-654-0688,ea8decf466de9f6f01618527c84da650,1
800-966-6546,04a7690b02bdb2e539fbd4f85d8f453e,2
800-966-6546,93733f0928be8bab19cd0c90ed71c142,1
800-966-6546,d7a60cae9fe46db5d0c435cf620d0de5,3
800-966-6546,ea8decf466de9f6f01618527c84da650,1
8002215743,28c8d0faa224c298f1dc57f9fa4e5b5b,1
8004303376,5a3a00ae715f8d6170a481b2ee6344b0,1
8004303376,90cae3a62c56e4f550e67111739f194b,1
8006927753,28c8d0faa224c298f1dc57f9fa4e5b5b,1
8008252510,cff5657a38c95c1e0ec22be257310a58,1
8009666546,7618255a0425418dadc8d4f9cd85d069,1
80096665BENTONVILLE,04a7690b02bdb2e539fbd4f85d8f453e,3
80096665BENTONVILLE,04b323e67da5747dc8a4c6f1d7c34c51,2
80096665BENTONVILLE,7618255a0425418dadc8d4f9cd85d069,3
80096665BENTONVILLE,ea8decf466de9f6f01618527c84da650,1
"823003017328004633768,HOOK,MINI,ADHESIVE,3M",04b323e67da5747dc8a4c6f1d7c34c51,1
855-836-3987,2711496eeb942853d98657d6e8160505,1
866-779-3229,93733f0928be8bab19cd0c90ed71c142,1
8665403229,04b323e67da5747dc8a4c6f1d7c34c51,2
8777864767,4af2df95ff46cd6b5085678bbd32ffc6,1
8778966033,28c8d0faa224c298f1dc57f9fa4e5b5b,2
888-802-3080,cff5657a38c95c1e0ec22be257310a58,1
91002760998,737e87dd38876855a3de81421a03b784,1
9197328906,737e87dd38876855a3de81421a03b784,1
91STATESVILLE,737e87dd38876855a3de81421a03b784,1
A,7618255a0425418dadc8d4f9cd85d069,1
A,ea8decf466de9f6f01618527c84da650,1
AA,04a7690b02bdb2e539fbd4f85d8f453e,2
AA,04b323e67da5747dc8a4c6f1d7c34c51,1
AA,ab80d703caec17eca52c760dc5935809,1
AA,bcaf6ad9c34d03ff9933689a6c03574f,1
AAA,1134918a30a364f9c66478be8e639e6f,3
AAA,cbd14a450abe983e94946f643edb14eb,1
AAA,ccf4cfde29e7cdf7c7d53c106f66f4e9,1
AC,9b40d0be3add476d228f2657a2c45f11,1
AIR,1134918a30a364f9c66478be8e639e6f,4
AIRLINES,9b40d0be3add476d228f2657a2c45f11,1
AIRLINES,c82078b55974af68e5b3639d863e984c,1
AMAZON.COM,04b323e67da5747dc8a4c6f1d7c34c51,12
AMAZON.COM,1a1e807bb6b6ff4bf41a257ea9ca1900,5
AMAZON.COM,2c130384e5932901d35fbd8a2921c964,1
AMAZON.COM,39361affc465a43658680e8a390bb292,1
AMAZON.COM,49ac2e2fa75835ca7be95ed7b2368594,2
AMAZON.COM,4d9964d3d786173b37a50447e5be910c,2
AMAZON.COM,4e935322252d56aba9d2ceaeed485c12,1
AMAZON.COM,50937ec957782cd8f18233c508be1737,1
AMAZON.COM,7618255a0425418dadc8d4f9cd85d069,1
AMAZON.COM,90cae3a62c56e4f550e67111739f194b,3
AMAZON.COM,9191d48b4f53bbcf904556f0d5a3855c,1
AMAZON.COM,93e593ba7d44f59e8fa9fb079b1ed3e2,7
AMAZON.COM,a410d697dc3a21c5fd21c47e04484abd,6
AMAZON.COM,ab80d703caec17eca52c760dc5935809,2
AMAZON.COM,d9eeb45c18bffff30eb115d2d333501a,1
AMAZON.COM,dbc4af845c978c7f15db6ede2fd327b6,1
AMAZON.COM,df1e07f21d38182fee90d4e4d737885b,2
AMAZON.COM,ea8decf466de9f6f01618527c84da650,3
AMAZON.COM,fbebe35d6201debcb405165a43d66c39,1
AMAZON,04a7690b02bdb2e539fbd4f85d8f453e,4
AMAZON,04b323e67da5747dc8a4c6f1d7c34c51,22
AMAZON,1134918a30a364f9c66478be8e639e6f,1
AMAZON,1a1e807bb6b6ff4bf41a257ea9ca1900,2
AMAZON,4150be562a3bb932de37982edd934161,1
AMAZON,4d9964d3d786173b37a50447e5be910c,2
AMAZON,7618255a0425418dadc8d4f9cd85d069,3
AMAZON,90cae3a62c56e4f550e67111739f194b,2
AMAZON,9191d48b4f53bbcf904556f0d5a3855c,1
AMAZON,93e593ba7d44f59e8fa9fb079b1ed3e2,2
AMAZON,a4b36e9041287ae8b70077e5f79cfc08,3
AMAZON,d9eeb45c18bffff30eb115d2d333501a,1
AMAZON,dbc4af845c978c7f15db6ede2fd327b6,6
AMAZON,df1e07f21d38182fee90d4e4d737885b,1
AMAZON,ea8decf466de9f6f01618527c84da650,3
AMAZON,ef115ce59ec47732fca0f66d6e40cb00,4
AMZN.COM,04b323e67da5747dc8a4c6f1d7c34c51,6
AMZN.COM,1134918a30a364f9c66478be8e639e6f,1
AMZN.COM,1a1e807bb6b6ff4bf41a257ea9ca1900,3
AMZN.COM,39361affc465a43658680e8a390bb292,1
AMZN.COM,4d9964d3d786173b37a50447e5be910c,2
AMZN.COM,7618255a0425418dadc8d4f9cd85d069,4
AMZN.COM,90cae3a62c56e4f550e67111739f194b,2
AMZN.COM,9191d48b4f53bbcf904556f0d5a3855c,1
AMZN.COM,93e593ba7d44f59e8fa9fb079b1ed3e2,3
AMZN.COM,df1e07f21d38182fee90d4e4d737885b,1
AMZN.COM,ea8decf466de9f6f01618527c84da650,2
AMZN.COM,fbebe35d6201debcb405165a43d66c39,1
AMZN,df1e07f21d38182fee90d4e4d737885b,1
APPLE.COM,1a1e807bb6b6ff4bf41a257ea9ca1900,1
AR,04a7690b02bdb2e539fbd4f85d8f453e,12
AR,04b323e67da5747dc8a4c6f1d7c34c51,3
AR,17d985883739377953ef76e0210ce0a0,1
AR,4e935322252d56aba9d2ceaeed485c12,1
AR,50937ec957782cd8f18233c508be1737,1
AR,7618255a0425418dadc8d4f9cd85d069,3
AR,93733f0928be8bab19cd0c90ed71c142,1
AR,93e593ba7d44f59e8fa9fb079b1ed3e2,1
AR,ab80d703caec17eca52c760dc5935809,1
AR,bcaf6ad9c34d03ff9933689a6c03574f,5
AR,d7a60cae9fe46db5d0c435cf620d0de5,13
AR,ea8decf466de9f6f01618527c84da650,5
AS,d7a60cae9fe46db5d0c435cf620d0de5,1
AT&T,a46f6529260e44fd0af2fd36bc6ad749,1
AT,1134918a30a364f9c66478be8e639e6f,4
AU,bcaf6ad9c34d03ff9933689a6c03574f,2
AUSTIN,39361affc465a43658680e8a390bb292,1
AUTO,1134918a30a364f9c66478be8e639e6f,1
AUTOMARK,1134918a30a364f9c66478be8e639e6f,1
AUTOZONE,1134918a30a364f9c66478be8e639e6f,2
AUTOZONE,ccf4cfde29e7cdf7c7d53c106f66f4e9,1
AW,04a7690b02bdb2e539fbd4f85d8f453e,1
AW,bcaf6ad9c34d03ff9933689a6c03574f,1
AX,d7a60cae9fe46db5d0c435cf620d0de5,1
AY,bcaf6ad9c34d03ff9933689a6c03574f,1
Adjustments-Fees,dbc4af845c978c7f15db6ede2fd327b6,1
Adjustments,dbc4af845c978c7f15db6ede2fd327b6,1
Amazon.com,d7a60cae9fe46db5d0c435cf620d0de5,1
Amazon,04a7690b02bdb2e539fbd4f85d8f453e,1
Amazon,04b323e67da5747dc8a4c6f1d7c34c51,27
Amazon,1a1e807bb6b6ff4bf41a257ea9ca1900,5
Amazon,49ac2e2fa75835ca7be95ed7b2368594,1
Amazon,4e935322252d56aba9d2ceaeed485c12,3
Amazon,50937ec957782cd8f18233c508be1737,7
Amazon,7618255a0425418dadc8d4f9cd85d069,2
Amazon,86c343dd4d1da8c2dde1c1d3b97197ef,1
Amazon,90cae3a62c56e4f550e67111739f194b,12
Amazon,93733f0928be8bab19cd0c90ed71c142,1
Amazon,93e593ba7d44f59e8fa9fb079b1ed3e2,18
Amazon,9583c170669c4320976116d957a28946,1
Amazon,a410d697dc3a21c5fd21c47e04484abd,6
Amazon,a4b36e9041287ae8b70077e5f79cfc08,2
Amazon,ab80d703caec17eca52c760dc5935809,3
Amazon,d7a60cae9fe46db5d0c435cf620d0de5,1
Amazon,d9eeb45c18bffff30eb115d2d333501a,1
Amazon,df1e07f21d38182fee90d4e4d737885b,3
Amazon,ea8decf466de9f6f01618527c84da650,5
Amazon,ef115ce59ec47732fca0f66d6e40cb00,1
AplPay,1134918a30a364f9c66478be8e639e6f,2
AplPay,1a1e807bb6b6ff4bf41a257ea9ca1900,2
AplPay,39361affc465a43658680e8a390bb292,2
AplPay,737e87dd38876855a3de81421a03b784,4
Auto:Fuel,737e87dd38876855a3de81421a03b784,1
Auto:Service,1134918a30a364f9c66478be8e639e6f,1
BENTON,ea8decf466de9f6f01618527c84da650,1
BENTONVILLE,7618255a0425418dadc8d4f9cd85d069,1
BODEN,a410d697dc3a21c5fd21c47e04484abd,2
BP#8274714CIRCARY,04b323e67da5747dc8a4c6f1d7c34c51,2
BP#8274714CIRCARY,39361affc465a43658680e8a390bb292,1
CA,04b323e67da5747dc8a4c6f1d7c34c51,3
CA,1a1e807bb6b6ff4bf41a257ea9ca1900,2
CA,2711496eeb942853d98657d6e8160505,1
CA,28c8d0faa224c298f1dc57f9fa4e5b5b,3
CA,2c130384e5932901d35fbd8a2921c964,1
CA,49ac2e2fa75835ca7be95ed7b2368594,3
CA,4af2df95ff46cd6b5085678bbd32ffc6,2
CA,4d9964d3d786173b37a50447e5be910c,1
CA,4e935322252d56aba9d2ceaeed485c12,2
CA,93733f0928be8bab19cd0c90ed71c142,1
CAMPGROUND,737e87dd38876855a3de81421a03b784,1
CAR,1134918a30a364f9c66478be8e639e6f,3
CAR,ccf4cfde29e7cdf7c7d53c106f66f4e9,1
CARE,1134918a30a364f9c66478be8e639e6f,2
CARE,ccf4cfde29e7cdf7c7d53c106f66f4e9,1
CAROLINAS,cbd14a450abe983e94946f643edb14eb,1
CARRBOR,04a7690b02bdb2e539fbd4f85d8f453e,1
CARRBORO,ea8decf466de9f6f01618527c84da650,1
CHAPEL,a6e9a5ca723c36a1fb5ad7f7c954b797,1
CHARGE,1a1e807bb6b6ff4bf41a257ea9ca1900,1
CHARLOTTE,cbd14a450abe983e94946f643edb14eb,1
CHATGPT,1a1e807bb6b6ff4bf41a257ea9ca1900,1
CHECK,4e935322252d56aba9d2ceaeed485c12,1
CHURTON,737e87dd38876855a3de81421a03b784,1
COMMAND,04b323e67da5747dc8a4c6f1d7c34c51,1
COMPUTERS,2c130384e5932901d35fbd8a2921c964,1
CONTRACTORS,ea8decf466de9f6f01618527c84da650,1
CREDIT,a4b36e9041287ae8b70077e5f79cfc08,1
CREDIT,dbc4af845c978c7f15db6ede2fd327b6,6
CSA,4d9964d3d786173b37a50447e5be910c,1
CUSTOMER,4150be562a3bb932de37982edd934161,1
Cash,d9eeb45c18bffff30eb115d2d333501a,1
Cash:Other,04b323e67da5747dc8a4c6f1d7c34c51,17
Cash:Other,28c8d0faa224c298f1dc57f9fa4e5b5b,1
Cash:Preachng,39361affc465a43658680e8a390bb292,1
Charge,17d985883739377953ef76e0210ce0a0,1
Charity-Non,04b323e67da5747dc8a4c6f1d7c34c51,17
Charity-Non,28c8d0faa224c298f1dc57f9fa4e5b5b,1
Charity-Non,39361affc465a43658680e8a390bb292,1
Charity-Non,d9eeb45c18bffff30eb115d2d333501a,1
CircusIN,9b40d0be3add476d228f2657a2c45f11,1
Computer,1a1e807bb6b6ff4bf41a257ea9ca1900,2
Connaught,9b40d0be3add476d228f2657a2c45f11,1
DE,cff5657a38c95c1e0ec22be257310a58,1
DELL,7510ed5b524f06f98e90766c00be54b1,1
DEPOT,5a3a00ae715f8d6170a481b2ee6344b0,2
DEPOT,90cae3a62c56e4f550e67111739f194b,1
DEPOT,ea8decf466de9f6f01618527c84da650,3
DHL,7510ed5b524f06f98e90766c00be54b1,1
DIEGO,4d9964d3d786173b37a50447e5be910c,1
DIGITAL,cff5657a38c95c1e0ec22be257310a58,1
DISCOUNT,04a7690b02bdb2e539fbd4f85d8f453e,1
DMV,ccf4cfde29e7cdf7c7d53c106f66f4e9,1
DRI*CRASHPLAN,04b323e67da5747dc8a4c6f1d7c34c51,2
DRI*CRASHPLAN,5ddeea5e01bb2f5783bff1ee1b7c4267,1
DURHAM,1134918a30a364f9c66478be8e639e6f,1
Depot,04b323e67da5747dc8a4c6f1d7c34c51,1
Dining,04a7690b02bdb2e539fbd4f85d8f453e,2
EBAY,93733f0928be8bab19cd0c90ed71c142,1
ELECTRIC,18afc5669c8b71fb1b60a00abd5b5f1c,2
ENERGY,1bef22488183a5b657e8f207c0902a57,2
EXCEL,1134918a30a364f9c66478be8e639e6f,1
EXXONMOBIL,737e87dd38876855a3de81421a03b784,1
Everitt,78834323293642dfbb1c9629a6a6ae5a,1
FI,2711496eeb942853d98657d6e8160505,1
FI,49ac2e2fa75835ca7be95ed7b2368594,3
"FIBERTRONICS,",04b323e67da5747dc8a4c6f1d7c34c51,1
FIBERTRONICS,04b323e67da5747dc8a4c6f1d7c34c51,1
FL,04b323e67da5747dc8a4c6f1d7c34c51,2
FOOD,04a7690b02bdb2e539fbd4f85d8f453e,2
FOODS,04a7690b02bdb2e539fbd4f85d8f453e,3
FOR,04b323e67da5747dc8a4c6f1d7c34c51,2
FOR,5ddeea5e01bb2f5783bff1ee1b7c4267,1
FRANCISC,1a1e807bb6b6ff4bf41a257ea9ca1900,1
FRANCISCO,1a1e807bb6b6ff4bf41a257ea9ca1900,1
FUEL,737e87dd38876855a3de81421a03b784,1
Fees,dbc4af845c978c7f15db6ede2fd327b6,1
Fiorentino,78834323293642dfbb1c9629a6a6ae5a,1
Food,39361affc465a43658680e8a390bb292,1
Friday,04a7690b02bdb2e539fbd4f85d8f453e,1
Friday,04b323e67da5747dc8a4c6f1d7c34c51,9
Friday,1134918a30a364f9c66478be8e639e6f,2
Friday,1a1e807bb6b6ff4bf41a257ea9ca1900,3
Friday,28c8d0faa224c298f1dc57f9fa4e5b5b,1
Friday,39361affc465a43658680e8a390bb292,1
Friday,4150be562a3bb932de37982edd934161,1
Friday,49ac2e2fa75835ca7be95ed7b2368594,1
Friday,4d9964d3d786173b37a50447e5be910c,1
Friday,50937ec957782cd8f18233c508be1737,1
Friday,737e87dd38876855a3de81421a03b784,1
Friday,7618255a0425418dadc8d4f9cd85d069,2
Friday,90cae3a62c56e4f550e67111739f194b,1
Friday,92091bb11c924e2983da7280af016123,5
Friday,93e593ba7d44f59e8fa9fb079b1ed3e2,1
Friday,9583c170669c4320976116d957a28946,1
Friday,a410d697dc3a21c5fd21c47e04484abd,2
Friday,a4b36e9041287ae8b70077e5f79cfc08,4
Friday,cbd14a450abe983e94946f643edb14eb,1
Friday,ccf4cfde29e7cdf7c7d53c106f66f4e9,1
Friday,d7a60cae9fe46db5d0c435cf620d0de5,2
Friday,dbc4af845c978c7f15db6ede2fd327b6,2
Friday,df1e07f21d38182fee90d4e4d737885b,1
Friday,ea8decf466de9f6f01618527c84da650,1
G.CO,49ac2e2fa75835ca7be95ed7b2368594,2
G.CO,49ac2e2fa75835ca7be95ed7b2368594,1
GA,5a3a00ae715f8d6170a481b2ee6344b0,4
GA,90cae3a62c56e4f550e67111739f194b,1
GENERAL,4e935322252d56aba9d2ceaeed485c12,1
GENERAL,737e87dd38876855a3de81421a03b784,2
GOO,49ac2e2fa75835ca7be95ed7b2368594,2
GOOGLE*GOOGLE,49ac2e2fa75835ca7be95ed7b2368594,2
GOOGLE,2711496eeb942853d98657d6e8160505,1
GOOGLE,49ac2e2fa75835ca7be95ed7b2368594,3
GOV*NC,ccf4cfde29e7cdf7c7d53c106f66f4e9,1
GOV*STATE,ccf4cfde29e7cdf7c7d53c106f66f4e9,1
GOVNC,ccf4cfde29e7cdf7c7d53c106f66f4e9,1
GROCERY,04a7690b02bdb2e539fbd4f85d8f453e,3
GROCERY,17d985883739377953ef76e0210ce0a0,1
GROCERY,50937ec957782cd8f18233c508be1737,1
GROCERY,93e593ba7d44f59e8fa9fb079b1ed3e2,1
GROCERY,d7a60cae9fe46db5d0c435cf620d0de5,9
GROCERY,ea8decf466de9f6f01618527c84da650,3
GglPay,04a7690b02bdb2e539fbd4f85d8f453e,1
GglPay,04b323e67da5747dc8a4c6f1d7c34c51,2
GglPay,39361affc465a43658680e8a390bb292,1
GglPay,737e87dd38876855a3de81421a03b784,1
Gopi,78834323293642dfbb1c9629a6a6ae5a,1
H,28c8d0faa224c298f1dc57f9fa4e5b5b,1
HARBOR,ea8decf466de9f6f01618527c84da650,1
HCS,a6e9a5ca723c36a1fb5ad7f7c954b797,1
HELPPAY#,49ac2e2fa75835ca7be95ed7b2368594,2
HILL,a6e9a5ca723c36a1fb5ad7f7c954b797,1
HILLSBOROUGH,04a7690b02bdb2e539fbd4f85d8f453e,1
HILLSBOROUGH,1134918a30a364f9c66478be8e639e6f,2
HILLSBOROUGH,39361affc465a43658680e8a390bb292,2
HILLSBOROUGH,5a3a00ae715f8d6170a481b2ee6344b0,1
HILLSBOROUGH,737e87dd38876855a3de81421a03b784,1
HILLSBOROUGH,ea8decf466de9f6f01618527c84da650,3
HILLSBOROUGHHILLSBOROUGH,77938cc08e29adb674e648a8e493345a,2
HOME,5a3a00ae715f8d6170a481b2ee6344b0,1
HOME,ea8decf466de9f6f01618527c84da650,3
HOMEDEPOT.COM,5a3a00ae715f8d6170a481b2ee6344b0,3
HOUSTON,9b40d0be3add476d228f2657a2c45f11,1
HOUSTON,c82078b55974af68e5b3639d863e984c,1
Household:Other,ea8decf466de9f6f01618527c84da650,8
Household:Other,fbebe35d6201debcb405165a43d66c39,1
IN,28c8d0faa224c298f1dc57f9fa4e5b5b,1
IN,4d9964d3d786173b37a50447e5be910c,1
IN,ea8decf466de9f6f01618527c84da650,1
INC.,04b323e67da5747dc8a4c6f1d7c34c51,3
INC.,1a1e807bb6b6ff4bf41a257ea9ca1900,2
INC.,39361affc465a43658680e8a390bb292,1
INC.,93733f0928be8bab19cd0c90ed71c142,1
INC.,d9eeb45c18bffff30eb115d2d333501a,1
INC,04b323e67da5747dc8a4c6f1d7c34c51,1
INC,28c8d0faa224c298f1dc57f9fa4e5b5b,1
INC,7510ed5b524f06f98e90766c00be54b1,1
INTREX,2c130384e5932901d35fbd8a2921c964,1
INTUIT,4e935322252d56aba9d2ceaeed485c12,2
Interest,17d985883739377953ef76e0210ce0a0,1
Inventory,7618255a0425418dadc8d4f9cd85d069,1
JEFFREY,04a7690b02bdb2e539fbd4f85d8f453e,2
JEFFREY,04b323e67da5747dc8a4c6f1d7c34c51,3
JEFFREY,1134918a30a364f9c66478be8e639e6f,1
JEFFREY,1a1e807bb6b6ff4bf41a257ea9ca1900,2
JEFFREY,737e87dd38876855a3de81421a03b784,3
JEFFREY,7618255a0425418dadc8d4f9cd85d069,4
JEFFREY,9191d48b4f53bbcf904556f0d5a3855c,1
JEFFREY,92091bb11c924e2983da7280af016123,3
JEFFREY,93733f0928be8bab19cd0c90ed71c142,1
JEFFREY,ccf4cfde29e7cdf7c7d53c106f66f4e9,1
JEFFREY,cff5657a38c95c1e0ec22be257310a58,1
JEFFREY,ea8decf466de9f6f01618527c84da650,3
Joe's,04a7690b02bdb2e539fbd4f85d8f453e,1
KINDLE,cff5657a38c95c1e0ec22be257310a58,1
KIRKLAND,1a1e807bb6b6ff4bf41a257ea9ca1900,2
Karan,78834323293642dfbb1c9629a6a6ae5a,1
"LABS,",1a1e807bb6b6ff4bf41a257ea9ca1900,2
LION,04a7690b02bdb2e539fbd4f85d8f453e,2
LOCK,ea8decf466de9f6f01618527c84da650,1
Lion,39361affc465a43658680e8a390bb292,1
MARKEPLACE,04b323e67da5747dc8a4c6f1d7c34c51,18
MARKEPLACE,1134918a30a364f9c66478be8e639e6f,1
MARKEPLACE,1a1e807bb6b6ff4bf41a257ea9ca1900,1
MARKEPLACE,4150be562a3bb932de37982edd934161,1
MARKEPLACE,4d9964d3d786173b37a50447e5be910c,2
MARKEPLACE,7618255a0425418dadc8d4f9cd85d069,3
MARKEPLACE,9191d48b4f53bbcf904556f0d5a3855c,1
MARKEPLACE,a4b36e9041287ae8b70077e5f79cfc08,2
MARKEPLACE,d9eeb45c18bffff30eb115d2d333501a,1
MARKEPLACE,ea8decf466de9f6f01618527c84da650,3
MARKEPLACE,ef115ce59ec47732fca0f66d6e40cb00,2
MARKET,04a7690b02bdb2e539fbd4f85d8f453e,4
MARKETPLACE,04b323e67da5747dc8a4c6f1d7c34c51,1
MARKETPLACE,1134918a30a364f9c66478be8e639e6f,1
MARKETPLACE,1a1e807bb6b6ff4bf41a257ea9ca1900,1
MARKETPLACE,7618255a0425418dadc8d4f9cd85d069,3
MARKETPLACE,9191d48b4f53bbcf904556f0d5a3855c,1
MARKETPLACE,ef115ce59ec47732fca0f66d6e40cb00,2
MART,737e87dd38876855a3de81421a03b784,1
MEBANE,737e87dd38876855a3de81421a03b784,1
MEHILLSBOROUGH,18afc5669c8b71fb1b60a00abd5b5f1c,2
MELBOURNE,04b323e67da5747dc8a4c6f1d7c34c51,1
MELLOTT,ea8decf466de9f6f01618527c84da650,1
MERCHANDISE,4e935322252d56aba9d2ceaeed485c12,1
MI,ea8decf466de9f6f01618527c84da650,1
MKT,28c8d0faa224c298f1dc57f9fa4e5b5b,2
MKTP,df1e07f21d38182fee90d4e4d737885b,1
MKTPLACE,04b323e67da5747dc8a4c6f1d7c34c51,4
MKTPLACE,1a1e807bb6b6ff4bf41a257ea9ca1900,1
MKTPLACE,90cae3a62c56e4f550e67111739f194b,2
MKTPLACE,93e593ba7d44f59e8fa9fb079b1ed3e2,2
MKTPLACE,df1e07f21d38182fee90d4e4d737885b,1
MMEBANE,1bef22488183a5b657e8f207c0902a57,2
MN,5ddeea5e01bb2f5783bff1ee1b7c4267,1
MO,737e87dd38876855a3de81421a03b784,1
MOBILITY,a46f6529260e44fd0af2fd36bc6ad749,1
MORRISVILLE,ea8decf466de9f6f01618527c84da650,1
MR,49ac2e2fa75835ca7be95ed7b2368594,1
MS,4af2df95ff46cd6b5085678bbd32ffc6,1
MURPHY7247ATWMEBANE,737e87dd38876855a3de81421a03b784,1
MYCHART,a6e9a5ca723c36a1fb5ad7f7c954b797,1
Marketplace,04a7690b02bdb2e539fbd4f85d8f453e,1
Marketplace,04b323e67da5747dc8a4c6f1d7c34c51,27
Marketplace,1a1e807bb6b6ff4bf41a257ea9ca1900,5
Marketplace,49ac2e2fa75835ca7be95ed7b2368594,1
Marketplace,4e935322252d56aba9d2ceaeed485c12,3
Marketplace,50937ec957782cd8f18233c508be1737,7
Marketplace,7618255a0425418dadc8d4f9cd85d069,2
Marketplace,86c343dd4d1da8c2dde1c1d3b97197ef,1
Marketplace,90cae3a62c56e4f550e67111739f194b,12
Marketplace,93733f0928be8bab19cd0c90ed71c142,1
Marketplace,93e593ba7d44f59e8fa9fb079b1ed3e2,18
Marketplace,9583c170669c4320976116d957a28946,1
Marketplace,a410d697dc3a21c5fd21c47e04484abd,6
Marketplace,a4b36e9041287ae8b70077e5f79cfc08,2
Marketplace,ab80d703caec17eca52c760dc5935809,3
Marketplace,d9eeb45c18bffff30eb115d2d333501a,1
Marketplace,df1e07f21d38182fee90d4e4d737885b,3
Marketplace,ea8decf466de9f6f01618527c84da650,5
Marketplace,ef115ce59ec47732fca0f66d6e40cb00,1
Merchandise,04a7690b02bdb2e539fbd4f85d8f453e,1
Merchandise,04b323e67da5747dc8a4c6f1d7c34c51,7
Merchandise,4e935322252d56aba9d2ceaeed485c12,1
Merchandise,93e593ba7d44f59e8fa9fb079b1ed3e2,5
Merchandise,ab80d703caec17eca52c760dc5935809,1
Merchandise,df1e07f21d38182fee90d4e4d737885b,3
Mishra,78834323293642dfbb1c9629a6a6ae5a,1
Monday,04a7690b02bdb2e539fbd4f85d8f453e,7
Monday,04b323e67da5747dc8a4c6f1d7c34c51,16
Monday,1134918a30a364f9c66478be8e639e6f,2
Monday,1bef22488183a5b657e8f207c0902a57,1
Monday,2711496eeb942853d98657d6e8160505,1
Monday,28c8d0faa224c298f1dc57f9fa4e5b5b,2
Monday,2c130384e5932901d35fbd8a2921c964,1
Monday,49ac2e2fa75835ca7be95ed7b2368594,2
Monday,4af2df95ff46cd6b5085678bbd32ffc6,1
Monday,4d9964d3d786173b37a50447e5be910c,1
Monday,4e935322252d56aba9d2ceaeed485c12,1
Monday,50937ec957782cd8f18233c508be1737,3
Monday,5ddeea5e01bb2f5783bff1ee1b7c4267,1
Monday,737e87dd38876855a3de81421a03b784,1
Monday,7618255a0425418dadc8d4f9cd85d069,2
Monday,90cae3a62c56e4f550e67111739f194b,9
Monday,9191d48b4f53bbcf904556f0d5a3855c,1
Monday,92091bb11c924e2983da7280af016123,7
Monday,93733f0928be8bab19cd0c90ed71c142,1
Monday,93e593ba7d44f59e8fa9fb079b1ed3e2,3
Monday,a410d697dc3a21c5fd21c47e04484abd,2
Monday,a46f6529260e44fd0af2fd36bc6ad749,1
Monday,a6e9a5ca723c36a1fb5ad7f7c954b797,1
Monday,ab80d703caec17eca52c760dc5935809,1
Monday,bcaf6ad9c34d03ff9933689a6c03574f,1
Monday,d7a60cae9fe46db5d0c435cf620d0de5,2
Monday,d9eeb45c18bffff30eb115d2d333501a,2
Monday,ea8decf466de9f6f01618527c84da650,3
Monday,ef115ce59ec47732fca0f66d6e40cb00,1
NA,04b323e67da5747dc8a4c6f1d7c34c51,18
NA,1134918a30a364f9c66478be8e639e6f,1
NA,1a1e807bb6b6ff4bf41a257ea9ca1900,1
NA,4150be562a3bb932de37982edd934161,1
NA,4d9964d3d786173b37a50447e5be910c,2
NA,7618255a0425418dadc8d4f9cd85d069,3
NA,9191d48b4f53bbcf904556f0d5a3855c,1
NA,a4b36e9041287ae8b70077e5f79cfc08,2
NA,d9eeb45c18bffff30eb115d2d333501a,1
NA,ea8decf466de9f6f01618527c84da650,3
NA,ef115ce59ec47732fca0f66d6e40cb00,2
NAMZN.COM,ef115ce59ec47732fca0f66d6e40cb00,2
NAST,cff5657a38c95c1e0ec22be257310a58,1
NC,04a7690b02bdb2e539fbd4f85d8f453e,2
NC,04b323e67da5747dc8a4c6f1d7c34c51,2
NC,1134918a30a364f9c66478be8e639e6f,8
NC,18afc5669c8b71fb1b60a00abd5b5f1c,2
NC,1bef22488183a5b657e8f207c0902a57,2
NC,28c8d0faa224c298f1dc57f9fa4e5b5b,3
NC,2c130384e5932901d35fbd8a2921c964,1
NC,39361affc465a43658680e8a390bb292,3
NC,50937ec957782cd8f18233c508be1737,2
NC,5a3a00ae715f8d6170a481b2ee6344b0,1
NC,5b51717ab7347cfc869f67b36e5bbc22,1
NC,737e87dd38876855a3de81421a03b784,8
NC,77938cc08e29adb674e648a8e493345a,2
NC,a6e9a5ca723c36a1fb5ad7f7c954b797,1
NC,cbd14a450abe983e94946f643edb14eb,1
NC,ccf4cfde29e7cdf7c7d53c106f66f4e9,3
NC,ea8decf466de9f6f01618527c84da650,6
NC,fbebe35d6201debcb405165a43d66c39,1
NEW,04b323e67da5747dc8a4c6f1d7c34c51,5
NEW,d9eeb45c18bffff30eb115d2d333501a,1
NORTH,ea8decf466de9f6f01618527c84da650,1
NOW,04a7690b02bdb2e539fbd4f85d8f453e,4
NY,04b323e67da5747dc8a4c6f1d7c34c51,5
NY,28c8d0faa224c298f1dc57f9fa4e5b5b,1
NY,d9eeb45c18bffff30eb115d2d333501a,1
OF,1bef22488183a5b657e8f207c0902a57,2
OF,77938cc08e29adb674e648a8e493345a,2
OF,ccf4cfde29e7cdf7c7d53c106f66f4e9,1
OF,ea8decf466de9f6f01618527c84da650,1
OIL,737e87dd38876855a3de81421a03b784,2
ONLINE,4150be562a3bb932de37982edd934161,8
ONLINE,92091bb11c924e2983da7280af016123,40
OUTS(800),737e87dd38876855a3de81421a03b784,1
Office,04b323e67da5747dc8a4c6f1d7c34c51,1
PA,04b323e67da5747dc8a4c6f1d7c34c51,16
PA,1134918a30a364f9c66478be8e639e6f,1
PA,1a1e807bb6b6ff4bf41a257ea9ca1900,1
PA,4d9964d3d786173b37a50447e5be910c,2
PA,50937ec957782cd8f18233c508be1737,1
PA,7618255a0425418dadc8d4f9cd85d069,3
PA,9191d48b4f53bbcf904556f0d5a3855c,1
PA,d9eeb45c18bffff30eb115d2d333501a,1
PA,ea8decf466de9f6f01618527c84da650,2
PA,ef115ce59ec47732fca0f66d6e40cb00,2
PARTNERS,1bef22488183a5b657e8f207c0902a57,2
PASS,fbebe35d6201debcb405165a43d66c39,1
PAYM,04b323e67da5747dc8a4c6f1d7c34c51,2
PAYM,4150be562a3bb932de37982edd934161,1
PAYM,a4b36e9041287ae8b70077e5f79cfc08,2
PAYM,ea8decf466de9f6f01618527c84da650,1
PAYMENT,4150be562a3bb932de37982edd934161,9
PAYMENT,92091bb11c924e2983da7280af016123,40
PAYPAL,04b323e67da5747dc8a4c6f1d7c34c51,4
PAYPAL,28c8d0faa224c298f1dc57f9fa4e5b5b,10
PAYPAL,2c130384e5932901d35fbd8a2921c964,1
PAYPAL,4af2df95ff46cd6b5085678bbd32ffc6,1
PAYPAL,4d9964d3d786173b37a50447e5be910c,1
PAYPAL,5a3a00ae715f8d6170a481b2ee6344b0,1
PAYPAL,5b51717ab7347cfc869f67b36e5bbc22,1
PAYPAL,90cae3a62c56e4f550e67111739f194b,1
PAYPAL,cff5657a38c95c1e0ec22be257310a58,1
PAYPAL,ea8decf466de9f6f01618527c84da650,1
PG,9b40d0be3add476d228f2657a2c45f11,1
PHOTO,28c8d0faa224c298f1dc57f9fa4e5b5b,1
PIEDMONT,18afc5669c8b71fb1b60a00abd5b5f1c,2
PMTSSEATTLE,04b323e67da5747dc8a4c6f1d7c34c51,4
PMTSSEATTLE,1a1e807bb6b6ff4bf41a257ea9ca1900,1
PMTSSEATTLE,90cae3a62c56e4f550e67111739f194b,2
PMTSSEATTLE,93e593ba7d44f59e8fa9fb079b1ed3e2,2
PMTSSEATTLE,df1e07f21d38182fee90d4e4d737885b,1
POINTS,a4b36e9041287ae8b70077e5f79cfc08,1
POINTS,dbc4af845c978c7f15db6ede2fd327b6,6
PRIME,04a7690b02bdb2e539fbd4f85d8f453e,4
PRINT866-925-2432,4e935322252d56aba9d2ceaeed485c12,1
PROTECTIOSAN,4d9964d3d786173b37a50447e5be910c,1
Penugonda,78834323293642dfbb1c9629a6a6ae5a,1
Plantation,7510ed5b524f06f98e90766c00be54b1,1
Postage,d7a60cae9fe46db5d0c435cf620d0de5,1
Prime,d7a60cae9fe46db5d0c435cf620d0de5,1
Purchase,04b323e67da5747dc8a4c6f1d7c34c51,7
Purchase,4e935322252d56aba9d2ceaeed485c12,1
Purchase,93e593ba7d44f59e8fa9fb079b1ed3e2,5
Purchase,ab80d703caec17eca52c760dc5935809,1
Purchase,df1e07f21d38182fee90d4e4d737885b,3
Purchases,17d985883739377953ef76e0210ce0a0,1
QUALITY,737e87dd38876855a3de81421a03b784,1
QUICK,fbebe35d6201debcb405165a43d66c39,1
RALEIGH,04a7690b02bdb2e539fbd4f85d8f453e,1
RALEIGH,ccf4cfde29e7cdf7c7d53c106f66f4e9,2
RALEIGH,fbebe35d6201debcb405165a43d66c39,1
RD,737e87dd38876855a3de81421a03b784,1
RECURRING,a46f6529260e44fd0af2fd36bc6ad749,1
"RESTREAM,",39361affc465a43658680e8a390bb292,1
ROCK,7510ed5b524f06f98e90766c00be54b1,1
ROUND,7510ed5b524f06f98e90766c00be54b1,1
S,04a7690b02bdb2e539fbd4f85d8f453e,2
S,04b323e67da5747dc8a4c6f1d7c34c51,3
S,1134918a30a364f9c66478be8e639e6f,1
S,1a1e807bb6b6ff4bf41a257ea9ca1900,2
S,737e87dd38876855a3de81421a03b784,3
S,7618255a0425418dadc8d4f9cd85d069,4
S,9191d48b4f53bbcf904556f0d5a3855c,1
S,92091bb11c924e2983da7280af016123,3
S,93733f0928be8bab19cd0c90ed71c142,1
S,ccf4cfde29e7cdf7c7d53c106f66f4e9,1
S,cff5657a38c95c1e0ec22be257310a58,1
S,ea8decf466de9f6f01618527c84da650,3
SAFE,ea8decf466de9f6f01618527c84da650,1
SAN,1a1e807bb6b6ff4bf41a257ea9ca1900,1
SAXAPAHAW,737e87dd38876855a3de81421a03b784,2
SBCRASHPLAN.COM,5ddeea5e01bb2f5783bff1ee1b7c4267,1
SBMINNETONKA,04b323e67da5747dc8a4c6f1d7c34c51,2
SEATTLE,04b323e67da5747dc8a4c6f1d7c34c51,9
SEATTLE,1a1e807bb6b6ff4bf41a257ea9ca1900,3
SEATTLE,2c130384e5932901d35fbd8a2921c964,1
SEATTLE,49ac2e2fa75835ca7be95ed7b2368594,1
SEATTLE,4e935322252d56aba9d2ceaeed485c12,1
SEATTLE,50937ec957782cd8f18233c508be1737,1
SEATTLE,90cae3a62c56e4f550e67111739f194b,1
SEATTLE,9191d48b4f53bbcf904556f0d5a3855c,1
SEATTLE,93e593ba7d44f59e8fa9fb079b1ed3e2,7
SEATTLE,a410d697dc3a21c5fd21c47e04484abd,6
SEATTLE,ab80d703caec17eca52c760dc5935809,2
SEATTLE,d9eeb45c18bffff30eb115d2d333501a,1
SEATTLE,dbc4af845c978c7f15db6ede2fd327b6,1
SEATTLE,df1e07f21d38182fee90d4e4d737885b,2
SEATTLE,ea8decf466de9f6f01618527c84da650,1
SERVICE,4150be562a3bb932de37982edd934161,1
SERVRALEIGH,1134918a30a364f9c66478be8e639e6f,4
SHEETZ,04b323e67da5747dc8a4c6f1d7c34c51,1
SHEETZ,1134918a30a364f9c66478be8e639e6f,1
SHEETZ,39361affc465a43658680e8a390bb292,3
SHEETZ,737e87dd38876855a3de81421a03b784,1
SHELL,737e87dd38876855a3de81421a03b784,2
SHOP,a4b36e9041287ae8b70077e5f79cfc08,1
SHOP,dbc4af845c978c7f15db6ede2fd327b6,6
SP,04b323e67da5747dc8a4c6f1d7c34c51,3
SP,d9eeb45c18bffff30eb115d2d333501a,1
ST,737e87dd38876855a3de81421a03b784,1
STATESVILLE,737e87dd38876855a3de81421a03b784,1
STOR(717)392-7472,50937ec957782cd8f18233c508be1737,1
STORE,04a7690b02bdb2e539fbd4f85d8f453e,1
STORE,737e87dd38876855a3de81421a03b784,2
STOREG.CO,49ac2e2fa75835ca7be95ed7b2368594,2
STREET,04a7690b02bdb2e539fbd4f85d8f453e,1
SUBSCRIPTION,1a1e807bb6b6ff4bf41a257ea9ca1900,1
SUBSCSAN,1a1e807bb6b6ff4bf41a257ea9ca1900,1
SUPERCENTER,04a7690b02bdb2e539fbd4f85d8f453e,1
SUPERCENTERHILLSBOROUGH,04a7690b02bdb2e539fbd4f85d8f453e,1
SUPERCENTERHILLSBOROUGH,50937ec957782cd8f18233c508be1737,2
SVCS*B35116SO3,cff5657a38c95c1e0ec22be257310a58,1
SVCSB35116SO8888023080,cff5657a38c95c1e0ec22be257310a58,1
SWICEGOOD-41008-00000005493,737e87dd38876855a3de81421a03b784,1
SWICEGOOD-41008-00000007488,737e87dd38876855a3de81421a03b784,1
SWICEGOOD-41008-000829659,737e87dd38876855a3de81421a03b784,1
SWICEGOOD-41008-03110366131,ea8decf466de9f6f01618527c84da650,1
SWICEGOOD-41008-181EAKO01CO,04b323e67da5747dc8a4c6f1d7c34c51,1
SWICEGOOD-41008-1KXD9OTPBH4,1a1e807bb6b6ff4bf41a257ea9ca1900,1
SWICEGOOD-41008-30700087492,04a7690b02bdb2e539fbd4f85d8f453e,1
SWICEGOOD-41008-4590T0QGHXP,cff5657a38c95c1e0ec22be257310a58,1
SWICEGOOD-41008-68WVYVRLQTN,1134918a30a364f9c66478be8e639e6f,1
SWICEGOOD-41008-6QWO0M4UF1E,7618255a0425418dadc8d4f9cd85d069,1
SWICEGOOD-41008-71094473276,ccf4cfde29e7cdf7c7d53c106f66f4e9,1
SWICEGOOD-41008-72QCFYQ8R7C,7618255a0425418dadc8d4f9cd85d069,1
SWICEGOOD-41008-73NSBIN5SGU,7618255a0425418dadc8d4f9cd85d069,1
SWICEGOOD-41008-8094443267,ea8decf466de9f6f01618527c84da650,1
SWICEGOOD-41008-H69R59LHAS0,9191d48b4f53bbcf904556f0d5a3855c,1
SWICEGOOD-41008-NT_NXVJXNSJ,1a1e807bb6b6ff4bf41a257ea9ca1900,1
SWICEGOOD-41008-NT_O2VEIYVB,04b323e67da5747dc8a4c6f1d7c34c51,1
SWICEGOOD-41008-NT_O44WVHCY,04b323e67da5747dc8a4c6f1d7c34c51,1
SWICEGOOD-41008-ONLINE,92091bb11c924e2983da7280af016123,3
SWICEGOOD-41008-W98DK8HP348,04a7690b02bdb2e539fbd4f85d8f453e,1
SWICEGOOD-41008-WKPUFZYZ0AU,7618255a0425418dadc8d4f9cd85d069,1
SWICEGOOD-41008-WN70ICR97G6,93733f0928be8bab19cd0c90ed71c142,1
SWICEGOOD-41008-WN70ICR97G6,ea8decf466de9f6f01618527c84da650,1
Sarah,78834323293642dfbb1c9629a6a6ae5a,1
Saturday,04a7690b02bdb2e539fbd4f85d8f453e,3
Saturday,04b323e67da5747dc8a4c6f1d7c34c51,15
Saturday,17d985883739377953ef76e0210ce0a0,1
Saturday,1a1e807bb6b6ff4bf41a257ea9ca1900,2
Saturday,2c130384e5932901d35fbd8a2921c964,1
Saturday,39361affc465a43658680e8a390bb292,2
Saturday,4150be562a3bb932de37982edd934161,3
Saturday,49ac2e2fa75835ca7be95ed7b2368594,1
Saturday,4af2df95ff46cd6b5085678bbd32ffc6,1
Saturday,4d9964d3d786173b37a50447e5be910c,1
Saturday,4e935322252d56aba9d2ceaeed485c12,3
Saturday,50937ec957782cd8f18233c508be1737,1
Saturday,5a3a00ae715f8d6170a481b2ee6344b0,1
Saturday,737e87dd38876855a3de81421a03b784,1
Saturday,7510ed5b524f06f98e90766c00be54b1,1
Saturday,7618255a0425418dadc8d4f9cd85d069,2
Saturday,86c343dd4d1da8c2dde1c1d3b97197ef,1
Saturday,90cae3a62c56e4f550e67111739f194b,1
Saturday,92091bb11c924e2983da7280af016123,4
Saturday,93e593ba7d44f59e8fa9fb079b1ed3e2,1
Saturday,9b40d0be3add476d228f2657a2c45f11,1
Saturday,a410d697dc3a21c5fd21c47e04484abd,2
Saturday,d7a60cae9fe46db5d0c435cf620d0de5,1
Saturday,dbc4af845c978c7f15db6ede2fd327b6,2
Saturday,df1e07f21d38182fee90d4e4d737885b,4
Saturday,ea8decf466de9f6f01618527c84da650,2
Saturday,ef115ce59ec47732fca0f66d6e40cb00,1
Sridhar,78834323293642dfbb1c9629a6a6ae5a,1
Sunday,04a7690b02bdb2e539fbd4f85d8f453e,2
Sunday,04b323e67da5747dc8a4c6f1d7c34c51,8
Sunday,1a1e807bb6b6ff4bf41a257ea9ca1900,2
Sunday,28c8d0faa224c298f1dc57f9fa4e5b5b,2
Sunday,49ac2e2fa75835ca7be95ed7b2368594,1
Sunday,4d9964d3d786173b37a50447e5be910c,2
Sunday,4e935322252d56aba9d2ceaeed485c12,1
Sunday,50937ec957782cd8f18233c508be1737,2
Sunday,5a3a00ae715f8d6170a481b2ee6344b0,1
Sunday,737e87dd38876855a3de81421a03b784,1
Sunday,7618255a0425418dadc8d4f9cd85d069,1
Sunday,77938cc08e29adb674e648a8e493345a,1
Sunday,78834323293642dfbb1c9629a6a6ae5a,1
Sunday,90cae3a62c56e4f550e67111739f194b,4
Sunday,92091bb11c924e2983da7280af016123,6
Sunday,93733f0928be8bab19cd0c90ed71c142,1
Sunday,93e593ba7d44f59e8fa9fb079b1ed3e2,1
Sunday,9b40d0be3add476d228f2657a2c45f11,1
Sunday,a410d697dc3a21c5fd21c47e04484abd,2
Sunday,bcaf6ad9c34d03ff9933689a6c03574f,4
Sunday,bcf2ba6a617947c33111c1ca2e0cbae2,1
Sunday,c82078b55974af68e5b3639d863e984c,1
Sunday,cff5657a38c95c1e0ec22be257310a58,1
Sunday,d7a60cae9fe46db5d0c435cf620d0de5,1
Sunday,dbc4af845c978c7f15db6ede2fd327b6,1
Sunday,df1e07f21d38182fee90d4e4d737885b,1
Sunday,ea8decf466de9f6f01618527c84da650,6
Sunday,fbebe35d6201debcb405165a43d66c39,1
Supplies-Groceries,04a7690b02bdb2e539fbd4f85d8f453e,1
Supplies-Internet,04b323e67da5747dc8a4c6f1d7c34c51,7
Supplies-Internet,4e935322252d56aba9d2ceaeed485c12,1
Supplies-Internet,93e593ba7d44f59e8fa9fb079b1ed3e2,5
Supplies-Internet,ab80d703caec17eca52c760dc5935809,1
Supplies-Internet,df1e07f21d38182fee90d4e4d737885b,3
TERREBONNE,04b323e67da5747dc8a4c6f1d7c34c51,1
TERREBONNE,49ac2e2fa75835ca7be95ed7b2368594,2
TERREBONNE,4af2df95ff46cd6b5085678bbd32ffc6,3
THANK,4150be562a3bb932de37982edd934161,9
THANK,92091bb11c924e2983da7280af016123,40
THE,50937ec957782cd8f18233c508be1737,1
THE,5a3a00ae715f8d6170a481b2ee6344b0,1
THE,ea8decf466de9f6f01618527c84da650,3
TIPS,04a7690b02bdb2e539fbd4f85d8f453e,2
TOWN,77938cc08e29adb674e648a8e493345a,2
TRAVEL,4d9964d3d786173b37a50447e5be910c,1
TX,28c8d0faa224c298f1dc57f9fa4e5b5b,2
TX,39361affc465a43658680e8a390bb292,1
TX,4e935322252d56aba9d2ceaeed485c12,1
TX,7510ed5b524f06f98e90766c00be54b1,1
TX,9b40d0be3add476d228f2657a2c45f11,1
TX,c82078b55974af68e5b3639d863e984c,1
Target,39361affc465a43658680e8a390bb292,1
Temple:Computer,90cae3a62c56e4f550e67111739f194b,2
Thursday,04a7690b02bdb2e539fbd4f85d8f453e,4
Thursday,04b323e67da5747dc8a4c6f1d7c34c51,10
Thursday,1134918a30a364f9c66478be8e639e6f,1
Thursday,17d985883739377953ef76e0210ce0a0,1
Thursday,18afc5669c8b71fb1b60a00abd5b5f1c,1
Thursday,1a1e807bb6b6ff4bf41a257ea9ca1900,1
Thursday,28c8d0faa224c298f1dc57f9fa4e5b5b,1
Thursday,39361affc465a43658680e8a390bb292,3
Thursday,4150be562a3bb932de37982edd934161,2
Thursday,49ac2e2fa75835ca7be95ed7b2368594,2
Thursday,4e935322252d56aba9d2ceaeed485c12,1
Thursday,50937ec957782cd8f18233c508be1737,1
Thursday,5a3a00ae715f8d6170a481b2ee6344b0,2
Thursday,5b51717ab7347cfc869f67b36e5bbc22,1
Thursday,737e87dd38876855a3de81421a03b784,3
Thursday,7618255a0425418dadc8d4f9cd85d069,1
Thursday,90cae3a62c56e4f550e67111739f194b,1
Thursday,92091bb11c924e2983da7280af016123,4
Thursday,93e593ba7d44f59e8fa9fb079b1ed3e2,5
Thursday,a410d697dc3a21c5fd21c47e04484abd,2
Thursday,a4b36e9041287ae8b70077e5f79cfc08,1
Thursday,ab80d703caec17eca52c760dc5935809,3
Thursday,bcf2ba6a617947c33111c1ca2e0cbae2,1
Thursday,cff5657a38c95c1e0ec22be257310a58,1
Thursday,d7a60cae9fe46db5d0c435cf620d0de5,2
Thursday,df1e07f21d38182fee90d4e4d737885b,1
Thursday,ea8decf466de9f6f01618527c84da650,3
Trader,04a7690b02bdb2e539fbd4f85d8f453e,1
Transportation-Fuel,39361affc465a43658680e8a390bb292,1
Transportation-Fuel,737e87dd38876855a3de81421a03b784,1
Tuesday,04a7690b02bdb2e539fbd4f85d8f453e,4
Tuesday,04b323e67da5747dc8a4c6f1d7c34c51,13
Tuesday,1134918a30a364f9c66478be8e639e6f,3
Tuesday,1a1e807bb6b6ff4bf41a257ea9ca1900,2
Tuesday,1bef22488183a5b657e8f207c0902a57,1
Tuesday,4150be562a3bb932de37982edd934161,2
Tuesday,49ac2e2fa75835ca7be95ed7b2368594,1
Tuesday,4af2df95ff46cd6b5085678bbd32ffc6,1
Tuesday,4d9964d3d786173b37a50447e5be910c,1
Tuesday,50937ec957782cd8f18233c508be1737,2
Tuesday,737e87dd38876855a3de81421a03b784,1
Tuesday,7618255a0425418dadc8d4f9cd85d069,1
Tuesday,77938cc08e29adb674e648a8e493345a,1
Tuesday,78834323293642dfbb1c9629a6a6ae5a,2
Tuesday,90cae3a62c56e4f550e67111739f194b,1
Tuesday,9191d48b4f53bbcf904556f0d5a3855c,1
Tuesday,92091bb11c924e2983da7280af016123,8
Tuesday,93e593ba7d44f59e8fa9fb079b1ed3e2,8
Tuesday,a410d697dc3a21c5fd21c47e04484abd,2
Tuesday,ab80d703caec17eca52c760dc5935809,1
Tuesday,ccf4cfde29e7cdf7c7d53c106f66f4e9,2
Tuesday,d7a60cae9fe46db5d0c435cf620d0de5,2
Tuesday,d9eeb45c18bffff30eb115d2d333501a,2
Tuesday,ea8decf466de9f6f01618527c84da650,2
Tuesday,ef115ce59ec47732fca0f66d6e40cb00,2
UBIQUITI,04b323e67da5747dc8a4c6f1d7c34c51,3
UBIQUITI,d9eeb45c18bffff30eb115d2d333501a,1
UNC,a6e9a5ca723c36a1fb5ad7f7c954b797,1
UNION,737e87dd38876855a3de81421a03b784,3
UNITED,9b40d0be3add476d228f2657a2c45f11,1
UNITED,c82078b55974af68e5b3639d863e984c,1
US,04b323e67da5747dc8a4c6f1d7c34c51,3
US,28c8d0faa224c298f1dc57f9fa4e5b5b,2
US,2c130384e5932901d35fbd8a2921c964,1
US,df1e07f21d38182fee90d4e4d737885b,1
USA*VEND,1134918a30a364f9c66478be8e639e6f,4
Utilities:Telephone,49ac2e2fa75835ca7be95ed7b2368594,1
VOIP.MS,4af2df95ff46cd6b5085678bbd32ffc6,1
VOIP.MS,04b323e67da5747dc8a4c6f1d7c34c51,1
VOIP.MS,49ac2e2fa75835ca7be95ed7b2368594,2
VOIP.MS,4af2df95ff46cd6b5085678bbd32ffc6,1
Vacation:Other,4d9964d3d786173b37a50447e5be910c,6
Vacation:Travel,9b40d0be3add476d228f2657a2c45f11,2
Vacation:Travel,c82078b55974af68e5b3639d863e984c,1
Viji,78834323293642dfbb1c9629a6a6ae5a,1
Vistara,9b40d0be3add476d228f2657a2c45f11,1
W+,d7a60cae9fe46db5d0c435cf620d0de5,1
WA,04b323e67da5747dc8a4c6f1d7c34c51,17
WA,1134918a30a364f9c66478be8e639e6f,1
WA,1a1e807bb6b6ff4bf41a257ea9ca1900,9
WA,2c130384e5932901d35fbd8a2921c964,1
WA,39361affc465a43658680e8a390bb292,1
WA,49ac2e2fa75835ca7be95ed7b2368594,1
WA,4d9964d3d786173b37a50447e5be910c,2
WA,4e935322252d56aba9d2ceaeed485c12,1
WA,50937ec957782cd8f18233c508be1737,1
WA,7618255a0425418dadc8d4f9cd85d069,4
WA,90cae3a62c56e4f550e67111739f194b,5
WA,9191d48b4f53bbcf904556f0d5a3855c,2
WA,93e593ba7d44f59e8fa9fb079b1ed3e2,9
WA,a410d697dc3a21c5fd21c47e04484abd,6
WA,ab80d703caec17eca52c760dc5935809,2
WA,cff5657a38c95c1e0ec22be257310a58,1
WA,d7a60cae9fe46db5d0c435cf620d0de5,1
WA,d9eeb45c18bffff30eb115d2d333501a,1
WA,dbc4af845c978c7f15db6ede2fd327b6,1
WA,df1e07f21d38182fee90d4e4d737885b,4
WA,ea8decf466de9f6f01618527c84da650,3
WA,ef115ce59ec47732fca0f66d6e40cb00,2
WA,fbebe35d6201debcb405165a43d66c39,1
WAL-MART,04a7690b02bdb2e539fbd4f85d8f453e,1
WAL-MART,4e935322252d56aba9d2ceaeed485c12,1
WAL-MART,50937ec957782cd8f18233c508be1737,2
WALMART.COM,04a7690b02bdb2e539fbd4f85d8f453e,10
WALMART.COM,04b323e67da5747dc8a4c6f1d7c34c51,3
WALMART.COM,17d985883739377953ef76e0210ce0a0,1
WALMART.COM,4e935322252d56aba9d2ceaeed485c12,1
WALMART.COM,50937ec957782cd8f18233c508be1737,1
WALMART.COM,7618255a0425418dadc8d4f9cd85d069,3
WALMART.COM,93733f0928be8bab19cd0c90ed71c142,1
WALMART.COM,93e593ba7d44f59e8fa9fb079b1ed3e2,1
WALMART.COM,ab80d703caec17eca52c760dc5935809,1
WALMART.COM,bcaf6ad9c34d03ff9933689a6c03574f,5
WALMART.COM,d7a60cae9fe46db5d0c435cf620d0de5,10
WALMART.COM,ea8decf466de9f6f01618527c84da650,4
WALMART,04a7690b02bdb2e539fbd4f85d8f453e,4
WALMART,17d985883739377953ef76e0210ce0a0,1
WALMART,50937ec957782cd8f18233c508be1737,1
WALMART,93e593ba7d44f59e8fa9fb079b1ed3e2,1
WALMART,d7a60cae9fe46db5d0c435cf620d0de5,9
WALMART,ea8decf466de9f6f01618527c84da650,3
WALMARTCOM,04a7690b02bdb2e539fbd4f85d8f453e,1
WALMARTCOM,7618255a0425418dadc8d4f9cd85d069,1
WALMARTCOM,93733f0928be8bab19cd0c90ed71c142,1
WALMARTCOM,ea8decf466de9f6f01618527c84da650,1
WASH,1134918a30a364f9c66478be8e639e6f,1
WEAVER,04a7690b02bdb2e539fbd4f85d8f453e,1
WEBSTAURANT,50937ec957782cd8f18233c508be1737,1
WHIRLPOOL,ea8decf466de9f6f01618527c84da650,1
WHOLE,04a7690b02bdb2e539fbd4f85d8f453e,3
WITH,a4b36e9041287ae8b70077e5f79cfc08,1
WITH,dbc4af845c978c7f15db6ede2fd327b6,6
WWW.UI.COM,04b323e67da5747dc8a4c6f1d7c34c51,2
WWW.WHIRLPOOL.COM,ea8decf466de9f6f01618527c84da650,1
WWWUICOM,04b323e67da5747dc8a4c6f1d7c34c51,2
WYZE,1a1e807bb6b6ff4bf41a257ea9ca1900,2
Wednesday,04a7690b02bdb2e539fbd4f85d8f453e,3
Wednesday,04b323e67da5747dc8a4c6f1d7c34c51,8
Wednesday,1134918a30a364f9c66478be8e639e6f,5
Wednesday,18afc5669c8b71fb1b60a00abd5b5f1c,1
Wednesday,1a1e807bb6b6ff4bf41a257ea9ca1900,6
Wednesday,28c8d0faa224c298f1dc57f9fa4e5b5b,4
Wednesday,2c130384e5932901d35fbd8a2921c964,1
Wednesday,39361affc465a43658680e8a390bb292,2
Wednesday,4150be562a3bb932de37982edd934161,1
Wednesday,49ac2e2fa75835ca7be95ed7b2368594,2
Wednesday,4af2df95ff46cd6b5085678bbd32ffc6,1
Wednesday,4e935322252d56aba9d2ceaeed485c12,2
Wednesday,50937ec957782cd8f18233c508be1737,2
Wednesday,5a3a00ae715f8d6170a481b2ee6344b0,1
Wednesday,737e87dd38876855a3de81421a03b784,4
Wednesday,7510ed5b524f06f98e90766c00be54b1,1
Wednesday,7618255a0425418dadc8d4f9cd85d069,1
Wednesday,78834323293642dfbb1c9629a6a6ae5a,3
Wednesday,90cae3a62c56e4f550e67111739f194b,1
Wednesday,92091bb11c924e2983da7280af016123,6
Wednesday,93733f0928be8bab19cd0c90ed71c142,1
Wednesday,93e593ba7d44f59e8fa9fb079b1ed3e2,7
Wednesday,a410d697dc3a21c5fd21c47e04484abd,2
Wednesday,ccf4cfde29e7cdf7c7d53c106f66f4e9,1
Wednesday,d7a60cae9fe46db5d0c435cf620d0de5,4
Wednesday,dbc4af845c978c7f15db6ede2fd327b6,2
Wednesday,ea8decf466de9f6f01618527c84da650,7
Wednesday,ef115ce59ec47732fca0f66d6e40cb00,1
Wednesday,fbebe35d6201debcb405165a43d66c39,1
West,78834323293642dfbb1c9629a6a6ae5a,1
YORK,04b323e67da5747dc8a4c6f1d7c34c51,5
YORK,d9eeb45c18bffff30eb115d2d333501a,1
YOU,4150be562a3bb932de37982edd934161,9
YOU,92091bb11c924e2983da7280af016123,40
Yamuna,78834323293642dfbb1c9629a6a6ae5a,1
eBay,04b323e67da5747dc8a4c6f1d7c34c51,1
eBay,7618255a0425418dadc8d4f9cd85d069,1
inc,78834323293642dfbb1c9629a6a6ae5a,1
krishna,78834323293642dfbb1c9629a6a6ae5a,1
on,17d985883739377953ef76e0210ce0a0,1
voip.ms,4af2df95ff46cd6b5085678bbd32ffc6,1
